Midterm1,Midterm2,Midterm3,Final
28.0,59.0,36.0,63.9
69.0,55.0,66.0,87.0
54.0,69.0,55.0,53.4
45.0,52.0,37.0,61.2
32.0,15.0,61.0,35.4
61.0,45.0,38.0,61.2
45.0,75.0,63.0,78.9
59.0,29.0,62.0,57.0
54.0,39.0,49.0,57.599999999999994
36.0,62.0,36.0,52.199999999999996
